longstate,state,year,startyear,endyear,meritstate.obs,meritstate.year,govideo,prc.updem,continue,outmig,composite,attain,diffuse,perc1824,income.i,merit.fte.i,region.1,first.year
Alabama,AL,1990,0,1,0,0,33.83577,80,52.34172529,8.75331565,991,11.6,0,11.063899,73.98886458,51.31773172,0,0
Alabama,AL,1991,1,2,0,0,39.80915,80,52.78387082,8.75331565,1123,18,0,10.954377,72.11057709,39.16259887,0,1
Alabama,AL,1992,2,3,0,0,39.62203,80,59.15233568,8.818579603,1137,22.7,0,10.867994,65.97316393,38.70051724,0,0
Alabama,AL,1993,3,4,0,0,39.01672,80,61.54164833,8.818579603,1120,17.3,0,10.791367,65.24331834,42.5440914,0,0
Alabama,AL,1994,4,5,0,0,39.41536,77.14285714,61.21606251,8.898493355,910,20.2,0,10.596214,61.47675843,45.8553503,0,0
Alabama,AL,1995,5,6,0,0,33.43,65.71428571,64.09745236,8.898493355,950,15.2,0,10.349656,56.94472441,40.80205772,0,1
Alabama,AL,1996,6,7,0,0,29.39941,65.71428571,59.99183507,10.19479415,950,20.4,0,10.099531,51.45782091,40.29415488,0,0
Alabama,AL,1997,7,8,0,0,36.02294,62.85714286,55.65233857,10.19479415,950,14.6,0,9.924896,47.76821371,35.66100281,0,0
Alabama,AL,1998,8,9,0,0,41.34003,62.85714286,60.61183575,10.64967945,950,21.8,0,9.944353,46.05660736,35.95912975,0,0
Alabama,AL,1999,9,10,0,0,43.86538,65.71428571,58.10929454,10.64967945,950,15.4,0,9.921445,41.00661765,34.73739854,0,1
Alabama,AL,2000,10,11,0,0,32.18093,65.71428571,59.08080954,11.79740833,950,20.6,0,10.147858,41.2014878,31.75059363,0,0
Alabama,AL,2001,11,12,0,0,34.84866,68.57142857,58.95551164,11.79740833,950,15.4,0,9.9216,38.23306719,29.93478475,0,0
Alabama,AL,2002,12,13,0,0,33.89363,71.42857143,59.54386136,11.79740833,950,19.3,0,10.00458,35.937,53.86892949,0,0
Arizona,AZ,1990,0,1,0,0,38.65201,43.33333333,51.87998932,8.608854822,1033,22.5,0,10.624937,78.25994109,0,0,0
Arizona,AZ,1991,1,2,0,0,35.66199,56.66666667,51.90771697,8.608854822,1045,19.5,0,10.247782,74.05619163,0,0,1
Arizona,AZ,1992,2,3,0,0,43.21017,56.66666667,44.01674375,12.26308439,932,22.2,0,9.953853,71.37401069,0,0,0
Arizona,AZ,1993,3,4,0,0,39.20747,40,43.94984509,12.26308439,1046,20.4,0,9.721162,66.03512734,0,0,0
Arizona,AZ,1994,4,5,0,0,33.25238,40,45.38378637,14.2348285,1032,26.3,0,9.574405,60.02129217,0,0,0
Arizona,AZ,1995,5,6,0,0,40.25631,36.66666667,47.03838158,14.2348285,1044,19.1,0,9.333178,55.63797047,0,0,1
Arizona,AZ,1996,6,7,0,0,36.16749,36.66666667,42.85871691,14.64747092,1048,24.4,0,9.094124,51.6332492,0,0,0
Arizona,AZ,1997,7,8,0,0,42.39132,40,40.19478674,14.64747092,1038,19.9,0,9.086867,49.90795888,0,0.066666667,0
Arizona,AZ,1998,8,9,0,0,43.53271,40,45.75323038,13.01303025,1044,24.6,1,9.107165,45.91202515,0,0,0
Arizona,AZ,1999,9,10,0,0,40.24728,46.66666667,42.80028499,13.01303025,1040,22.4,1,9.149964,42.84665126,0,0.066666667,1
Arizona,AZ,2000,10,11,0,0,40.48308,46.66666667,41.3629708,12.44407296,1049,24.2,1,10.093042,41.04478049,0,0.066666667,0
Arizona,AZ,2001,11,12,0,0,42.73442,50,43.35841736,12.44407296,1033,22.5,1,10.104262,39.98635573,0,0.133333333,0
Arizona,AZ,2002,12,13,0,0,43.46648,43.33333333,40.93260078,12.44407296,1053,21.9,1,10.23131,38.799,0,0.133333333,0
Arkansas,AR,1990,0,1,0,0,41.13754,88.57142857,44.70420741,14.07140463,1123,16.2,0,10.136189,68.20371002,14.60574784,0,0
Arkansas,AR,1991,1,2,0,0,40.27739,88.57142857,44.40970671,14.07140463,1099,13.7,0,10.066282,63.18690308,13.0753734,0,1
Arkansas,AR,1992,2,3,0,0,45.69447,88.57142857,45.8879976,14.85868322,1125,14.6,0,10.003005,57.10767142,13.13657444,0,0
Arkansas,AR,1993,3,4,0,0,42.23203,85.71428571,47.06108484,14.85868322,1005,14.8,0,10.026165,58.10458754,11.50278503,0,0
Arkansas,AR,1994,4,5,0,0,40.29588,85.71428571,48.85225457,14.72676506,950,14.6,0,9.937053,53.73935897,11.54119846,0,0
Arkansas,AR,1995,5,6,0,0,40.07341,80,47.88920726,14.72676506,950,18.3,0,9.798655,45.61952362,14.45542451,0,1
Arkansas,AR,1996,6,7,0,0,35.48696,80,51.38216342,13.00831107,950,14.2,0,9.628324,42.22662333,15.61125805,0,0
Arkansas,AR,1997,7,8,0,0,45.35312,80,47.9419403,13.00831107,950,18.6,1,9.550419,43.176,28.90741919,0,0
Arkansas,AR,1998,8,9,0,0,47.00316,80,53.58081705,12.53066366,950,12.4,0,9.535546,40.29539264,53.55733656,0,0
Arkansas,AR,1999,9,10,0,0,46.32777,82.85714286,52.63653813,12.53066366,950,18.4,1,9.482891,35.19604202,70.57709483,0,1
Arkansas,AR,2000,10,11,0,0,33.5646,82.85714286,53.31808586,12.3407906,950,15.8,1,10.253879,38.01510569,93.95912822,0,0
Arkansas,AR,2001,11,12,0,0,49.75551,77.14285714,53.87541776,12.3407906,950,17.3,2,9.949224,35.11249802,93.79160872,0,0
Arkansas,AR,2002,12,13,0,0,43.56406,77.14285714,52.89743769,12.3407906,950,13.7,2,9.922321,31.913,75.27987206,0,0
California,CA,1990,0,1,0,0,53.49765,60,61.46017015,5.382669754,1000,24.2,0,11.432662,90.52259679,0,0,0
California,CA,1991,1,2,0,0,51.67017,65,59.07742631,5.382669754,1013,26.4,0,10.920465,84.21882452,0,0,1
California,CA,1992,2,3,0,0,52.472,62.5,49.99707769,9.13859867,998,24.2,0,10.491379,81.04603991,0,0,0
California,CA,1993,3,4,0,0,53.25452,57.5,49.31914572,9.13859867,1010,27.5,0,10.137155,78.5584083,0,0,0
California,CA,1994,4,5,0,0,48.93089,55,60.36526055,9.304337008,897,26.4,0,9.774855,67.26827598,0,0,0
California,CA,1995,5,6,0,0,49.05093,52.5,59.1411374,9.304337008,1006,26.8,0,9.506145,65.18069751,0,0,1
California,CA,1996,6,7,0,0,50.29646,52.5,63.9155925,7.923864804,1037,27.9,0,9.314877,61.69457808,0,0,0
California,CA,1997,7,8,0,0,53.74364,57.5,60.95633478,7.923864804,1001,24.2,0,9.389106,57.74621869,0,0.066666667,0
California,CA,1998,8,9,0,0,55.64946,57.5,48.71906529,9.035803308,1015,29.1,0,9.612824,53.80996626,0,0,0
California,CA,1999,9,10,0,0,57.04564,62.5,47.00751266,9.035803308,995,24.7,0,9.906755,48.20693697,0,0.066666667,1
California,CA,2000,10,11,0,0,49.58641,60,46.9681257,9.275901634,1015,27.5,0,10.229645,48.29719512,0,0.066666667,0
California,CA,2001,11,12,0,0,56.64111,65,45.23672582,9.275901634,999,25,1,9.887685,47.38043874,0,0.133333333,0
California,CA,2002,12,13,0,0,56.23454,62.5,44.53820974,9.275901634,1011,27.1,1,10.093739,45.184,0,0.133333333,0
Colorado,CO,1990,0,1,0,0,44.10251,31.42857143,50.48461608,25.14952153,1076,38.7,0,10.127893,93.72005432,84.54441018,0,0
Colorado,CO,1991,1,2,0,0,46.33654,34.28571429,50.84384978,25.14952153,1057,32.2,0,9.852503,89.33448311,77.9933925,0,1
Colorado,CO,1992,2,3,0,0,47.75729,34.28571429,49.74602703,24.50588165,1079,34,0,9.623852,85.42877833,68.5316464,0,0
Colorado,CO,1993,3,4,0,0,42.86269,45.71428571,49.70468643,24.50588165,1056,32.2,0,9.47989,78.25961246,85.48803969,0,0
Colorado,CO,1994,4,5,0,0,41.30081,45.71428571,50.92741347,26.73931746,990,28.9,0,9.315369,77.11907557,90.56032536,0,0
Colorado,CO,1995,5,6,0,0,42.47944,45.71428571,50.48355339,26.73931746,990,27,0,9.18296,69.6321601,106.4156304,0,1
Colorado,CO,1996,6,7,0,0,45.8502,45.71428571,50.30006361,24.91752804,990,30.4,0,9.036978,61.49392479,73.65394319,0,0
Colorado,CO,1997,7,8,0,0,46.28616,42.85714286,47.59263136,24.91752804,990,35.7,1,9.026345,57.09835452,63.14314589,0.066666667,0
Colorado,CO,1998,8,9,0,0,45.1329,42.85714286,52.70187913,24.21701841,990,33.3,0,9.142555,53.86073558,74.39707772,0,0
Colorado,CO,1999,9,10,0,0,49.56337,42.85714286,50.13770112,24.21701841,990,35.2,1,9.292507,50.87304202,71.52081335,0.066666667,1
Colorado,CO,2000,10,11,0,0,42.39423,42.85714286,52.367481,23.11495674,990,28.5,1,10.185073,46.86384553,68.12528581,0.066666667,0
Colorado,CO,2001,11,12,0,0,39.40425,51.42857143,50.12391574,23.11495674,990,34.6,1,10.062188,43.81799209,70.30700557,0.133333333,0
Colorado,CO,2002,12,13,0,0,47.4527,48.57142857,49.56657892,23.11495674,950,30.2,1,10.252913,41.803,171.5891427,0.133333333,0
Connecticut,CT,1990,0,1,0,0,66.98813,63.88888889,59.05720497,49.96974587,1004,28.4,0,10.485129,112.7176044,0,0,0
Connecticut,CT,1991,1,2,0,0,61.63807,55.55555556,59.43062631,49.96974587,1019,33.5,0,9.906067,108.9927188,0,0,1
Connecticut,CT,1992,2,3,0,0,66.204,55.55555556,59.74010275,51.68959935,1002,28.4,0,9.363253,106.0448311,0,0,0
Connecticut,CT,1993,3,4,0,0,62.4745,55.55555556,60.59900064,51.68959935,1019,31.4,0,8.932257,94.00241869,0,0,0
Connecticut,CT,1994,4,5,0,0,55.51228,52.77777778,58.40664712,52.87133891,999,28.4,0,8.510214,90.48047436,2.362507165,0,0
Connecticut,CT,1995,5,6,0,0,60.037,47.22222222,60.72733047,52.87133891,1016,30,0,8.136651,85.825521,0.021511352,0,1
Connecticut,CT,1996,6,7,0,0,58.97533,47.22222222,60.80757882,52.99586249,897,27.5,0,7.839517,77.25724665,0.021052451,0,0
Connecticut,CT,1997,7,8,0,0,67.62071,52.77777778,59.33682902,52.99586249,1011,32.3,0,7.712546,69.67005794,0,0,0
Connecticut,CT,1998,8,9,0,0,72.05859,52.77777778,64.08421179,51.26407776,1007,32.6,0,7.61846,68.54631472,0.04012437,0,0
Connecticut,CT,1999,9,10,0,0,67.09787,52.77777778,58.30313598,51.26407776,1009,32.7,0,7.551203,64.02107563,3.782645927,0,1
Connecticut,CT,2000,10,11,0,0,59.85374,52.77777778,64.20670438,48.16763107,1019,32.4,0,12.667548,57.26294309,3.533932409,0,0
Connecticut,CT,2001,11,12,0,0,64.08325,58.33333333,60.45155819,48.16763107,999,27,0,12.040218,55.34032806,2.960136002,0,0
Connecticut,CT,2002,12,13,0,0,60.18019,58.33333333,59.86458825,48.16763107,1017,31.6,0,11.584294,53.931,2.938689738,0,0
Delaware,DE,1990,0,1,0,0,57.28439,61.9047619,47.42840006,37.74897249,998,24,0,11.392288,95.61953405,8.577679769,0,0
Delaware,DE,1991,1,2,0,0,55.06938,71.42857143,46.71392704,37.74897249,997,22.1,0,10.889793,96.81974963,8.553837664,0,0
Delaware,DE,1992,2,3,0,0,59.66179,71.42857143,54.97261459,33.79653907,1000,24,0,10.405296,88.93702067,8.219052119,0,0
Delaware,DE,1993,3,4,0,0,54.85851,71.42857143,57.13001797,33.79653907,1000,19.3,0,10.021122,81.65094533,7.743526348,0,1
Delaware,DE,1994,4,5,0,0,54.82411,71.42857143,65.01497006,35.11397651,994,25.1,0,9.577378,77.91296626,7.488862574,0,0
Delaware,DE,1995,5,6,0,0,45.38417,57.14285714,61.64655784,35.11397651,996,19.3,0,9.188417,74.56996654,7.328809049,0,0
Delaware,DE,1996,6,7,0,0,45.693,61.9047619,63.86520503,28.88323797,1003,26.8,0,8.786643,64.96809305,7.748399596,0,0
Delaware,DE,1997,7,8,0,0,43.79352,61.9047619,61.35743076,28.88323797,892,19.4,0,8.664155,61.10883551,8.786384204,0,1
Delaware,DE,1998,8,9,0,0,54.46949,61.9047619,61.86659772,29.14751358,1003,27.4,0,8.784348,60.75653436,9.020959964,0,0
Delaware,DE,1999,9,10,0,0,57.7261,61.9047619,65.93194655,29.14751358,1003,29.5,0,8.936244,54.23779832,10.01123937,0,0
Delaware,DE,2000,10,11,0,0,44.24457,61.9047619,55.98197038,34.41453876,999,22.9,0,10.511667,53.42570325,11.50331188,0,0
Delaware,DE,2001,11,12,0,0,60.90975,61.9047619,53.44234079,34.41453876,1000,28.6,0,9.906443,49.29828854,11.73154296,0,1
Delaware,DE,2002,12,13,1,0,51.3269,61.9047619,52.3482659,34.41453876,996,21.9,0,10.178974,46.524,316.4134246,0,0
Florida,FL,1990,0,1,0,0,41.88308,57.5,43.4146793,19.90951298,982,21,0,9.297863,79.10782479,145.3279905,0,0
Florida,FL,1991,1,2,0,0,42.77663,57.5,40.79077048,19.90951298,998,22.8,0,8.984728,75.05607636,144.3504311,0,1
Florida,FL,1992,2,3,0,0,44.7516,55,46.95107206,18.85488648,985,19.8,0,8.717808,70.97394797,144.6079635,0,0
Florida,FL,1993,3,4,0,0,46.80096,50,47.62089686,18.85488648,997,21.6,0,8.476494,69.19364844,170.4894822,0,0
Florida,FL,1994,4,5,0,0,42.85112,50,48.3627204,18.79565073,987,19.5,1,8.250111,63.79652159,179.0669581,0,0
Florida,FL,1995,5,6,0,0,42.63546,47.5,48.48631191,18.79565073,1001,22.5,1,8.053151,58.91961089,183.2110011,0,1
Florida,FL,1996,6,7,0,0,43.44601,45,47.51266238,17.46834937,985,19.5,1,7.870179,51.4004914,199.9645198,0,0
Florida,FL,1997,7,8,1,0,44.60262,42.5,45.60995412,17.46834937,998,21.7,1,7.791797,50.02004611,249.4109035,0,0
Georgia,GA,1990,0,1,0,0,37.84089,80.35714286,48.33531148,18.32834881,980,24.2,0,11.378524,83.51654476,113.1101474,0,0
Georgia,GA,1991,1,2,0,0,36.40851,80.35714286,50.12466073,18.32834881,948,24.5,0,11.028986,78.58671292,94.26703323,0,1
Georgia,GA,1992,2,3,0,0,44.47066,80.35714286,54.28106022,19.57579466,974,23.1,0,10.723005,76.27990805,107.8070456,0,0
Georgia,GA,1993,3,4,0,0,38.06767,73.21428571,55.37218082,19.57579466,949,21.1,0,10.473715,71.95377509,168.5369511,0,0
Georgia,GA,1994,4,5,1,0,33.72283,69.64285714,59.07368759,16.44427535,969,21.5,0,10.228394,68.18719838,559.2846203,0,0
Idaho,ID,1990,0,1,0,0,21.92693,45.23809524,33.36855796,23.65408039,1066,20.9,0,9.758353,74.71149273,8.170235562,0,0
Idaho,ID,1991,1,2,0,0,34.27623,50,31.3957935,23.65408039,1076,22.1,0,9.936753,67.49287959,7.52247843,0,1
Idaho,ID,1992,2,3,0,0,40.72461,50,47.87082238,22.62315657,1085,21.2,0,10.088039,68.88515895,7.393639059,0,0
Idaho,ID,1993,3,4,0,0,35.13906,34.28571429,46.79195419,22.62315657,1066,21.8,0,10.339133,59.38940969,7.001855201,0,0
Idaho,ID,1994,4,5,0,0,22.9173,34.28571429,45.01685123,25.74484339,990,20,0,10.516181,59.26503239,6.678259438,0,0
Idaho,ID,1995,5,6,0,0,20.21115,22.85714286,43.4970426,25.74484339,990,19.1,0,10.739203,54.44926115,6.554448224,0,1
Idaho,ID,1996,6,7,0,0,20.36266,22.85714286,43.91588015,27.39073994,990,20.8,0,10.807899,50.60246463,6.217079387,0,0
Idaho,ID,1997,7,8,0,0,13.75284,14.28571429,43.45891055,27.39073994,990,18.4,0,10.965878,47.23579938,5.891456582,0.066666667,0
Idaho,ID,1998,8,9,0,0,30.68146,14.28571429,46.75461415,25.44707908,990,20.3,0,11.146104,45.48048589,6.514562703,0,0
Idaho,ID,1999,9,10,0,0,25.74397,11.42857143,45.39659631,25.44707908,990,18.4,0,11.286191,43.03238235,6.237190222,0.066666667,1
Idaho,ID,2000,10,11,0,0,18.04309,11.42857143,45.38414634,27.51578665,990,19.4,0,9.381586,40.30303252,8.740384808,0.066666667,0
Idaho,ID,2001,11,12,0,0,22.63836,8.571428571,44.97009244,27.51578665,990,17.1,0,8.998705,37.37064427,73.06330194,0.133333333,0
Idaho,ID,2002,12,13,0,0,16.94513,20,45.38137918,27.51578665,990,20.3,0,9.004046,34.091,75.25604334,0.133333333,0
Illinois,IL,1990,0,1,0,0,51.47366,52.54237288,62.01536598,21.69755911,1139,24.5,0,10.636579,95.20522724,51.0132607,0,0
Illinois,IL,1991,1,2,0,0,50.71375,52.54237288,62.32526859,21.69755911,1154,27.3,0,10.29036,87.84588326,53.68113842,0,1
Illinois,IL,1992,2,3,0,0,57.43476,52.54237288,61.22414492,19.88821419,1137,24.6,0,9.99289,87.34318104,42.79663731,0,0
Illinois,IL,1993,3,4,0,0,51.63568,45.76271186,62.01112537,19.88821419,1165,26.7,0,9.786403,82.61207197,41.32463707,0,0
Illinois,IL,1994,4,5,0,0,47.11769,45.76271186,62.02622448,21.32540814,990,23.5,0,9.575512,74.93769703,63.17290749,0,0
Illinois,IL,1995,5,6,0,0,47.36674,44.06779661,62.32827915,21.32540814,990,27.1,0,9.390889,68.24277493,62.25988621,0,1
Illinois,IL,1996,6,7,0,0,52.85062,44.06779661,61.58460885,20.74158852,990,22.1,0,9.182832,63.48899171,60.56869864,0,0
Illinois,IL,1997,7,8,0,0,59.93409,47.45762712,59.2698513,20.74158852,990,25.6,0,9.097447,60.31077445,50.46850799,0,0
Illinois,IL,1998,8,9,0,0,54.35976,47.45762712,63.74067924,21.39986975,990,24,0,9.172409,57.33733067,48.85801174,0,0
Illinois,IL,1999,9,10,0,0,58.0853,45.76271186,63.33636866,21.39986975,990,25.8,0,9.2499,51.80493697,48.94828045,0,1
Illinois,IL,2000,10,11,0,0,54.27473,45.76271186,60.38923285,23.52298305,990,24,0,10.33192,49.47145528,45.46564215,0,0
Illinois,IL,2001,11,12,0,0,58.47126,45.76271186,57.7680739,23.52298305,990,25,1,10.256573,46.42964032,44.59965068,0,0
Illinois,IL,2002,12,13,0,0,55.15384,54.23728814,56.43618154,23.52298305,950,21.1,1,10.14591,44.22,52.25028692,0.090909091,0
Indiana,IN,1990,0,1,0,0,43.91831,48,49.88458993,11.35414981,865,13.8,0,10.989982,86.74566029,5.966907385,0,0
Indiana,IN,1991,1,2,0,0,46.14813,48,50.92188298,11.35414981,988,16.2,0,10.808548,83.97050441,5.245734418,0,1
Indiana,IN,1992,2,3,0,0,49.88626,48,49.74683544,11.72440791,991,23.7,0,10.639951,79.60094155,2.072298104,0,0
Indiana,IN,1993,3,4,0,0,46.36168,44,52.21168095,11.72440791,986,16.9,0,10.492943,72.85514256,2.030158688,0,0
Indiana,IN,1994,4,5,0,0,35.48714,44,53.75338911,14.10446837,1000,21.2,0,10.230316,67.17966127,2.228381361,0,0
Indiana,IN,1995,5,6,0,0,34.96041,38,53.51660181,14.10446837,981,15,0,9.954919,63.24948753,6.531432558,0,1
Indiana,IN,1996,6,7,0,0,38.20302,38,57.02233493,12.75406939,999,17.1,0,9.676917,60.72570937,6.538277812,0,0
Indiana,IN,1997,7,8,0,0,40.29874,38,55.50474684,12.75406939,974,14.1,0,9.519976,53.20220249,6.662426003,0,0
Indiana,IN,1998,8,9,0,0,41.95749,38,60.53884732,12.37913553,994,18.4,0,9.542665,52.1069865,6.153420361,0,0
Indiana,IN,1999,9,10,0,0,48.97993,38,62.1110552,12.37913553,973,14.7,0,9.533713,47.80847899,6.322190672,0,1
Indiana,IN,2000,10,11,0,0,38.96862,38,60.8698514,13.43065693,997,17.7,0,9.89571,45.37303659,6.122664016,0,0
Indiana,IN,2001,11,12,0,0,46.14025,36,60.69606025,13.43065693,970,14.7,1,9.796654,42.51166008,44.58084751,0,0
Indiana,IN,2002,12,13,0,0,42.80083,36,60.58670336,13.43065693,991,16.2,1,9.774354,39.7,42.63382105,0.090909091,0
Iowa,IA,1990,0,1,0,0,49.97662,60,71.74150798,14.71550912,1190,21.7,0,10.227478,84.29010099,4.748210087,0,0
Iowa,IA,1991,1,2,0,0,50.02172,56,70.31432265,14.71550912,1093,17.1,0,10.079664,81.43843172,3.362831174,0,0
Iowa,IA,1992,2,3,0,0,53.04253,58,60.75003015,15.65601429,1190,21.3,0,9.962599,74.26933642,3.884510388,0,0
Iowa,IA,1993,3,4,0,0,46.27186,54,61.54785902,15.65601429,1178,23.1,0,9.849269,72.30237024,4.207129771,0,1
Iowa,IA,1994,4,5,0,0,42.37067,54,62.13310429,15.29697779,990,19.7,0,9.682869,64.38526316,4.083834237,0,0
Iowa,IA,1995,5,6,0,0,42.8796,54,61.17818606,15.29697779,990,23.9,0,9.523979,61.12586483,4.030323001,0,0
Iowa,IA,1996,6,7,0,0,41.25816,54,61.40444544,13.83855025,990,19.3,0,9.351528,55.22780943,3.785525927,0,0
Iowa,IA,1997,7,8,0,0,40.77219,42,59.37720776,13.83855025,1070,25.5,0,9.357657,53.03295078,3.777380961,0,1
Iowa,IA,1998,8,9,0,0,42.58235,44,62.87204996,13.71200069,1070,18.4,0,9.528839,49.73407239,3.610114849,0,0
Iowa,IA,1999,9,10,0,0,48.40225,40,63.51074579,13.71200069,1070,21.7,0,9.671467,46.18657143,3.383749633,0,0
Iowa,IA,2000,10,11,0,0,38.78027,40,64.77637316,14.35949539,1070,17.6,0,9.823593,43.49463821,3.205972455,0,0
Iowa,IA,2001,11,12,0,0,51.36728,42,65.16953127,14.35949539,1070,20.3,1,9.323876,40.39166403,3.079151904,0,1
Iowa,IA,2002,12,13,0,0,41.74105,42,63.91752577,14.35949539,1070,17.6,2,9.293824,38.09,17.22143847,0.090909091,0
Kansas,KS,1990,0,1,0,0,37.60822,45,58.11287478,11.54582041,1129,25,0,10.284809,85.23708799,0.358660425,0,0
Kansas,KS,1991,1,2,0,0,33.40622,45,58.75489398,11.54582041,1153,27.5,0,10.063905,81.47805727,0.347418269,0,1
Kansas,KS,1992,2,3,0,0,44.99207,45,55.89661968,13.17966102,1039,22.3,0,9.918954,72.81141554,0.625133168,0,0
Kansas,KS,1993,3,4,0,0,37.52972,32.5,54.65594546,13.17966102,1150,26.5,0,9.840774,71.20678547,0.655800995,0,0
Kansas,KS,1994,4,5,0,0,31.99003,32.5,55.51397834,13.17000454,990,29.1,0,9.739071,66.5739251,20.77188839,0,0
Kansas,KS,1995,5,6,0,0,33.22299,32.5,56.29583683,13.17000454,990,25.8,0,9.654376,62.44560367,0.581334308,0,1
Kansas,KS,1996,6,7,0,0,35.6561,32.5,59.91368637,12.54649584,990,27.9,0,9.552069,56.22190312,0.590730884,0,0
Kansas,KS,1997,7,8,0,0,35.80392,32.5,57.2137959,12.54649584,990,22.7,0,9.645231,52.24497757,0.624302258,0,0
Kansas,KS,1998,8,9,0,0,30.76696,32.5,59.21727129,13.47871927,990,27.3,0,9.900406,49.01336871,0.917556775,0,0
Kansas,KS,1999,9,10,0,0,36.12743,32.5,57.80964296,13.47871927,990,24.1,0,10.132478,46.60014706,1.119708836,0,1
Kansas,KS,2000,10,11,0,0,19.45832,32.5,66.95937132,12.55820583,990,26.5,0,9.905903,43.90103252,1.021872179,0,0
Kansas,KS,2001,11,12,0,0,31.4189,25,66.30123177,12.55820583,990,25,0,9.316639,41.32519368,0.948093637,0,0
Kansas,KS,2002,12,13,0,0,30.93572,25,66.28035146,12.55820583,990,28.5,0,9.373209,40.576,0.851203632,0.090909091,0
Kentucky,KY,1990,0,1,0,0,39.09094,78.94736842,59.32085396,9.145042813,1097,20.1,0,10.946339,74.36876052,0,0,0
Kentucky,KY,1991,1,2,0,0,38.34515,71.05263158,62.44266522,9.145042813,1088,14.8,0,10.78567,71.74734288,0,0,0
Kentucky,KY,1992,2,3,0,0,49.22155,71.05263158,58.52709234,9.145042813,1094,17.6,0,10.673438,65.71414897,0,0,1
Kentucky,KY,1993,3,4,0,0,44.37081,65.78947368,55.56843707,9.145042813,993,14.9,0,10.585656,64.97066713,0,0,0
Kentucky,KY,1994,4,5,0,0,38.21991,65.78947368,50.4103512,12.07098856,950,17.5,0,10.449774,59.03196356,0,0,0
Kentucky,KY,1995,5,6,0,0,38.35466,55.26315789,51.28500865,12.07098856,950,21.6,0,10.321686,54.33947966,0,0,0
Kentucky,KY,1996,6,7,0,0,36.12223,55.26315789,52.20864545,13.1989132,950,19.3,0,10.133881,51.51859018,0,0,1
Kentucky,KY,1997,7,8,0,0,33.47828,52.63157895,51.39896119,13.1989132,950,20.4,0,9.989762,45.49284299,0,0,0
Kentucky,KY,1998,8,9,0,0,36.46186,52.63157895,54.86801719,13.79727008,950,16.8,0,10.040096,41.9222184,0,0,0
Kentucky,KY,1999,9,10,0,0,26.27123,52.63157895,54.73093786,13.79727008,950,20.5,0,10.070076,39.18818067,62.14741905,0,0
Kentucky,KY,2000,10,11,0,0,15.40506,47.36842105,58.48268789,12.80531084,950,17.2,0,10.217584,40.00946748,151.0762242,0,1
Kentucky,KY,2001,11,12,1,0,15.60566,47.36842105,62.13937318,12.80531084,950,19.8,0,9.755756,36.82820158,233.7218499,0,0
Louisiana,LA,1990,0,1,0,0,29.79122,87.17948718,47.59877096,12.49364644,1087,18.6,0,11.12814,71.98615226,6.822697567,0,0
Louisiana,LA,1991,1,2,0,0,26.69841,84.61538462,49.07335811,12.49364644,1120,19.5,0,10.94224,67.67251542,5.788765119,0,0
Louisiana,LA,1992,2,3,0,0,37.88293,84.61538462,52.75490054,12.62610125,1089,18.6,0,10.774253,60.73131646,19.547655,0,1
Louisiana,LA,1993,3,4,0,0,33.1165,84.61538462,51.34533352,12.62610125,1113,18.1,0,10.680706,61.55941453,39.93504845,0,0
Louisiana,LA,1994,4,5,0,0,34.55985,84.61538462,51.3626929,13.97698322,910,16.6,0,10.584957,59.49081781,48.43713412,0,0
Louisiana,LA,1995,5,6,0,0,41.34933,84.61538462,51.83043439,13.97698322,910,19.2,0,10.520444,54.40322375,59.95780143,0,0
Louisiana,LA,1996,6,7,0,0,36.30204,66.66666667,54.87349836,13.17273406,910,22.1,0,10.452781,47.98594583,62.02620675,0,1
Louisiana,LA,1997,7,8,0,0,28.54354,64.1025641,52.46579216,13.17273406,910,20.1,0,10.485672,46.45118879,70.98818298,0,0
Louisiana,LA,1998,8,9,1,0,35.1337,64.1025641,63.28020813,10.19865262,910,19.7,0,10.653814,43.85366012,325.017905,0,0
Maine,ME,1990,0,1,0,0,59.14975,57.14285714,22.87421175,59.48926291,1010,22.9,0,10.116756,80.93710635,0,0,0
Maine,ME,1991,1,2,0,0,72.86803,62.85714286,22.8348022,59.48926291,988,19.7,0,9.914145,77.17075991,0,0,1
Maine,ME,1992,2,3,0,0,69.50373,60,51.21638011,40.68811812,1005,19.2,0,9.687059,72.04462865,0,0,0
Maine,ME,1993,3,4,0,0,65.81986,57.14285714,53.98556174,40.68811812,984,19.7,0,9.533672,71.63132457,0,0,0
Maine,ME,1994,4,5,0,0,64.17386,57.14285714,50.92061126,43.44898258,1011,20,0,9.285067,61.23397841,0,0,0
Maine,ME,1995,5,6,0,0,60.3088,45.71428571,50.39840637,43.44898258,879,18.5,0,9.076463,56.71217651,0,0,1
Maine,ME,1996,6,7,0,0,52.20225,45.71428571,53.86848599,44.27378065,1002,19.7,0,8.88308,55.76097387,0,0,0
Maine,ME,1997,7,8,0,0,71.17141,54.28571429,53.33429146,44.27378065,1014,23.8,0,8.771062,51.00753458,0,0,0
Maine,ME,1998,8,9,0,0,69.91666,54.28571429,55.57884087,43.46638929,1001,21.5,0,8.746139,47.06868282,0,0,0
Maine,ME,1999,9,10,0,0,62.27423,57.14285714,53.93029942,43.46638929,1006,22.2,0,8.732973,44.82706303,0,0,1
Maine,ME,2000,10,11,0,0,54.26089,54.28571429,52.38710555,42.78852395,987,21.2,0,12.357908,42.21068293,0,0,0
Maine,ME,2001,11,12,0,0,71.83613,54.28571429,52.52642346,42.78852395,1004,24.1,0,10.958333,40.88737945,0,0,0
Maine,ME,2002,12,13,0,0,65.88466,51.42857143,51.37045682,42.78852395,989,20.4,0,10.934908,38.848,0,0,0
Maryland,MD,1990,0,1,0,0,62.23869,85.10638298,55.64238055,34.71892479,1010,26.1,0,10.509149,107.2765585,40.40096095,0,0
Maryland,MD,1991,1,2,0,0,64.21421,80.85106383,54.77649445,34.71892479,1014,34.7,0,9.954884,109.4708671,40.91524069,0,1
Maryland,MD,1992,2,3,0,0,66.26454,80.85106383,56.58276328,34.89181893,1008,24.9,0,9.468193,99.45405417,41.41753939,0,0
Maryland,MD,1993,3,4,0,0,67.71006,80.85106383,57.12912671,34.89181893,1014,31.8,0,9.091434,93.13217578,43.28249341,0,0
Maryland,MD,1994,4,5,0,0,62.33578,80.85106383,52.51408526,38.11740891,1006,24.9,0,8.78574,86.48310121,48.89405546,0,0
Maryland,MD,1995,5,6,0,0,60.50669,68.08510638,51.43690129,38.11740891,1014,32.2,0,8.530832,78.50911549,38.19855213,0,1
Maryland,MD,1996,6,7,0,0,58.37265,68.08510638,56.4237844,36.0590635,904,27.4,0,8.362269,70.92806883,38.63291371,0,0
Maryland,MD,1997,7,8,0,0,61.61069,68.08510638,54.4152604,36.0590635,1011,32.5,0,8.284949,67.52022492,39.16130252,0,0
Maryland,MD,1998,8,9,0,0,68.68136,68.08510638,55.78745101,36.32643318,1006,37.6,0,8.320377,63.95941656,41.66792448,0,0
Maryland,MD,1999,9,10,0,0,70.68712,68.08510638,52.88664442,36.32643318,1009,26.4,0,8.411404,58.00533193,35.74129626,0,1
Maryland,MD,2000,10,11,0,0,63.46762,68.08510638,53.40385089,37.19474014,1018,35.7,0,11.908257,53.88328862,37.33911801,0,0
Maryland,MD,2001,11,12,0,0,67.83807,72.34042553,52.17518399,37.19474014,1008,26,0,11.163866,51.91095257,32.53561154,0,0
Maryland,MD,2002,12,13,0,0,67.3942,70.21276596,51.26719157,37.19474014,1016,32.3,2,11.11544,53.385,37.29457337,0,0
Massachusetts,MA,1990,0,1,0,0,88.29748,80,60.43605468,24.57469504,1024,32.7,0,11.792189,107.7913451,0.206272452,0,0
Massachusetts,MA,1991,1,2,0,0,81.32352,65,60.3353246,24.57469504,1003,26.1,0,11.095395,105.9943855,0,0,1
Massachusetts,MA,1992,2,3,0,0,82.38646,62.5,61.84942493,32.70520072,1022,31,0,10.471662,100.047737,0.985771638,0,0
Massachusetts,MA,1993,3,4,0,0,72.33614,77.5,62.77929816,32.70520072,1002,29.8,0,9.8895,89.25156471,0.967181182,0,0
Massachusetts,MA,1994,4,5,0,0,68.44559,77.5,65.11387164,30.69952305,1016,31,0,9.308016,83.57216869,0.36102419,0,0
Massachusetts,MA,1995,5,6,0,0,67.82893,75,66.73268027,30.69952305,997,29.8,0,8.769956,76.74316798,0.299843336,0,1
Massachusetts,MA,1996,6,7,0,0,76.27367,75,72.06135246,29.96504761,1016,33.5,0,8.270909,71.53002868,0.23047256,0,0
Massachusetts,MA,1997,7,8,0,0,86.20603,77.5,69.82596109,29.96504761,896,28.1,0,8.048688,66.34555078,0.209977197,0,0
Massachusetts,MA,1998,8,9,0,0,86.4778,77.5,70.29871742,30.06262065,1011,32.4,0,8.061178,64.78055521,0.15752684,0,0
Massachusetts,MA,1999,9,10,0,0,83.38879,82.5,67.87574702,30.06262065,1010,34.3,0,8.116258,59.52033613,4.108823935,0,1
Massachusetts,MA,2000,10,11,0,0,75.71744,80,67.48457634,31.28659708,1007,32.6,0,10.975109,52.96602846,9.027036615,0,0
Massachusetts,MA,2001,11,12,0,0,81.37362,85,66.19124946,31.28659708,1026,32.5,0,10.751258,51.9434585,11.87223491,0,0
Massachusetts,MA,2002,12,13,0,0,75.8843,85,66.53782186,31.28659708,1002,30,0,10.804373,52.171,3.032306536,0,0
Michigan,MI,1990,0,1,0,0,62.2858,47.36842105,59.43968135,9.880348392,1101,19,0,10.813076,93.59066947,0,0,0
Michigan,MI,1991,1,2,0,0,60.90106,47.36842105,59.73355675,9.880348392,1126,23,0,10.581423,90.26304185,0,0,1
Michigan,MI,1992,2,3,0,0,60.99665,47.36842105,60.50707334,9.75900656,1090,30,0,10.353711,88.14202423,0,0,0
Michigan,MI,1993,3,4,0,0,52.43852,42.10526316,61.76362258,9.75900656,1122,21.3,0,10.145288,81.50528235,0,0,0
Michigan,MI,1994,4,5,0,0,50.61658,42.10526316,59.31610958,11.39263317,990,17.5,0,9.907221,71.68444467,0,0,0
Michigan,MI,1995,5,6,0,0,49.17146,42.10526316,58.8244024,11.39263317,990,22.1,0,9.666335,67.90044554,0,0,1
Michigan,MI,1996,6,7,0,0,48.45256,42.10526316,56.32081218,10.46037926,990,17.5,0,9.447521,64.40855704,0,0,0
Michigan,MI,1997,7,8,0,0,56.96766,42.10526316,54.59269027,10.46037926,990,21,0,9.348407,59.35579128,0,0,0
Michigan,MI,1998,8,9,0,0,57.04099,42.10526316,57.15603188,11.09431527,990,17.3,0,9.37141,56.66518896,0,0,0
Michigan,MI,1999,9,10,0,0,51.4946,39.47368421,55.13189067,11.09431527,990,21.1,0,9.375388,50.35580252,0,0,1
Michigan,MI,2000,10,11,0,0,53.0615,39.47368421,55.06915714,12.02358645,990,22.5,0,10.667269,47.39247154,0,0,0
Michigan,MI,2001,11,12,0,0,58.11762,39.47368421,51.1258965,12.02358645,990,20.7,0,10.356309,45.31021739,0,0,0
Michigan,MI,2002,12,13,1,0,54.75221,42.10526316,48.54050536,12.02358645,990,24,0,10.168509,43.545,268.693219,0.090909091,0
Minnesota,MN,1990,0,1,0,0,58.3744,65.67164179,58.39525708,23.44366318,1169,31.4,0,10.068369,99.62495868,0,0,0
Minnesota,MN,1991,1,2,0,0,55.56841,68.65671642,58.68440651,23.44366318,1145,26.3,0,9.713323,95.94006241,0,0,1
Minnesota,MN,1992,2,3,0,0,60.74837,68.65671642,52.1718006,25.91544049,1175,31.2,0,9.409036,90.46674768,0.127095984,0,0
Minnesota,MN,1993,3,4,0,0,59.09016,67.1641791,52.67133635,25.91544049,1134,19.1,0,9.252354,83.01171142,0.252143288,0,0
Minnesota,MN,1994,4,5,0,0,46.81448,67.1641791,50.73191054,27.73796193,990,32,0,9.085352,82.18589474,0.233019985,0,0
Minnesota,MN,1995,5,6,0,0,49.54559,64.17910448,49.7456085,27.73796193,990,22.3,0,8.958495,71.50788911,0.174338531,0,1
Minnesota,MN,1996,6,7,0,0,52.41016,62.68656716,56.44029011,26.98254535,1070,31,0,8.876286,64.43836839,0.210613406,0,0
Minnesota,MN,1997,7,8,0,0,56.44151,62.68656716,49.97424362,26.98254535,1070,22.3,0,8.946444,60.97096822,0.217187532,0,0
Minnesota,MN,1998,8,9,0,0,53.26351,62.68656716,47.06969987,29.31397306,1070,28.3,0,9.127787,57.38699632,0.254954243,0,0
Minnesota,MN,1999,9,10,0,0,52.15926,59.70149254,46.45009938,29.31397306,1070,21.5,0,9.315744,52.71415546,0.180042005,0,1
Minnesota,MN,2000,10,11,0,0,50.89278,61.19402985,64.69607698,24.21683673,1070,26.3,0,10.461203,48.39330894,0.182518198,0,0
Minnesota,MN,2001,11,12,0,0,56.2969,58.20895522,61.58390021,24.21683673,1070,30.5,0,9.899442,45.49306324,0.163399964,0,0
Minnesota,MN,2002,12,13,0,0,52.82836,52.23880597,60.734704,24.21683673,1070,26.5,0,9.72841,43.031,0,0.090909091,0
Mississippi,MS,1990,0,1,0,0,33.04099,84.61538462,54.8465501,10.43719823,1129,17.6,0,11.555754,65.85826549,0.463414781,0,0
Mississippi,MS,1991,1,2,0,0,28.97686,84.61538462,56.38682729,10.43719823,1117,23.3,0,11.535544,61.82906755,0.883646034,0,0
Mississippi,MS,1992,2,3,0,0,35.79567,82.69230769,58.94246854,10.08144126,1105,19.8,0,11.463891,59.40803207,0.698568062,0,0
Mississippi,MS,1993,3,4,0,0,31.38043,75,59.41348974,10.08144126,1111,18.7,0,11.463787,59.65334602,0.671990662,0,1
Mississippi,MS,1994,4,5,0,0,30.17848,69.23076923,67.4634076,10.11061829,870,23.3,0,11.326772,53.38247233,0.693855464,0,0
Mississippi,MS,1995,5,6,0,0,23.6412,65.38461538,71.4073113,10.11061829,870,19.2,0,11.144473,49.85968635,0.687191552,0,0
Mississippi,MS,1996,6,7,0,0,23.53348,65.38461538,64.59227468,8.60873113,870,14.5,0,10.881432,44.42807648,0.545455066,0,0
Mississippi,MS,1997,7,8,0,0,23.78182,65.38461538,60.74564509,8.60873113,870,19.5,0,10.688677,41.83992025,0.41201723,0,1
Mississippi,MS,1998,8,9,0,0,28.01199,65.38461538,60.33643522,8.12077352,870,14.5,0,10.697995,40.83950736,0.666960934,0,0
Mississippi,MS,1999,9,10,0,0,35.17941,65.38461538,60.46411535,8.12077352,870,20.9,0,10.694037,36.71536555,181.1308366,0,0
Mississippi,MS,2000,10,11,0,0,29.31842,65.38461538,64.52166296,7.733212649,870,15.6,0,9.292259,36.93591463,170.7471382,0,0
Mississippi,MS,2001,11,12,0,0,36.60844,63.46153846,65.56264372,7.733212649,870,16.9,1,8.9013,34.4776166,165.5289035,0,1
Mississippi,MS,2002,12,13,0,0,35.95005,55.76923077,65.88029219,7.733212649,870,20.9,1,9.080379,30.242,154.9321031,0,0
Missouri,MO,1990,0,1,0,0,51.10075,64.70588235,48.32755321,16.27387161,1141,26.7,0,10.117355,82.26123642,66.10821963,0,0
Missouri,MO,1991,1,2,0,0,49.38745,67.64705882,48.67067468,16.27387161,1135,21.9,0,9.878742,80.61950367,58.1949779,0,0
Missouri,MO,1992,2,3,0,0,56.2407,67.64705882,48.9156215,17.5640031,1154,25.3,0,9.6918,78.43922096,61.00617204,0,1
Missouri,MO,1993,3,4,0,0,50.41793,55.88235294,49.19377922,17.5640031,1114,21.3,0,9.578358,70.5569045,61.86846349,0,0
Missouri,MO,1994,4,5,0,0,40.20359,58.82352941,48.71026124,17.90204541,990,26.2,0,9.439802,65.58823819,63.9324632,0,0
Missouri,MO,1995,5,6,0,0,42.18078,55.88235294,48.52927784,17.90204541,990,17.5,0,9.285498,61.59450197,66.66115741,0,0
Missouri,MO,1996,6,7,0,0,45.33973,55.88235294,48.82258093,18.58532337,990,23,0,9.124738,57.34670809,68.50224493,0,1
Missouri,MO,1997,7,8,0,0,46.32612,55.88235294,47.25514072,18.58532337,990,19.2,0,9.097235,51.33034579,72.1817506,0,0
Missouri,MO,1998,8,9,0,0,47.39172,55.88235294,54.1867393,17.00804222,990,22.4,1,9.226271,48.85554233,73.28254346,0,0
Missouri,MO,1999,9,10,0,0,47.68109,52.94117647,53.32082614,17.00804222,990,19.2,1,9.357998,45.52787395,71.05395597,0,0
Missouri,MO,2000,10,11,0,0,41.63951,52.94117647,52.22909049,18.00087901,990,22.9,1,10.529675,43.50404065,69.70613733,0,1
Missouri,MO,2001,11,12,0,0,46.86288,47.05882353,52.27709123,18.00087901,990,21.6,1,9.994431,40.921917,65.33746455,0,0
Missouri,MO,2002,12,13,0,0,48.23536,41.17647059,51.56621825,18.00087901,990,24.3,1,9.967243,39.766,125.6321963,0.090909091,0
Montana,MT,1990,0,1,0,0,38.5787,46,37.8736123,33.03269448,1093,21.9,0,8.788259,71.28692349,0,0,0
Montana,MT,1991,1,2,0,0,40.7272,58,37.74066589,33.03269448,1086,23.6,0,8.863996,63.50390749,0,0,0
Montana,MT,1992,2,3,0,0,52.43169,58,49.18924466,30.89922804,1102,22.1,0,8.970294,59.16568639,0,0,0
Montana,MT,1993,3,4,0,0,52.89009,60,48.14182403,30.89922804,1078,22.8,0,9.191357,63.45178824,0,0,1
Montana,MT,1994,4,5,0,0,46.40171,60,51.47297168,31.33913688,990,24.3,0,9.35138,54.10717072,0,0,0
Montana,MT,1995,5,6,0,0,41.59775,38,51.44354455,31.33913688,990,23.8,0,9.545915,51.41905577,0,0,0
Montana,MT,1996,6,7,0,0,38.33572,38,54.63569957,29.51662667,990,20.3,0,9.651635,47.53992224,0,0,0
Montana,MT,1997,7,8,0,0,27.87897,32,52.94971864,29.51662667,990,24,0,9.767437,48.18293645,25.55880036,0.066666667,1
Montana,MT,1998,8,9,0,0,41.62247,32,56.30371224,27.03383163,990,20.5,0,9.890064,43.28526442,26.91548827,0,0
Montana,MT,1999,9,10,0,0,46.01984,36,56.24889361,27.03383163,990,23.9,0,9.959699,41.20314706,28.16113717,0.066666667,0
Montana,MT,2000,10,11,0,0,42.37547,36,55.72893042,28.95979163,990,20.5,0,10.635672,38.33687805,28.75470096,0.066666667,0
Montana,MT,2001,11,12,0,0,49.77647,38,54.9315926,28.95979163,990,25.2,0,9.788011,36.66465613,0,0.133333333,1
Montana,MT,2002,12,13,0,0,44.43437,42,54.44473987,28.95979163,990,21.1,0,9.667541,35.105,0,0.133333333,0
Nebraska,NE,1990,0,1,0,0,35.16419,NA,66.75722669,16.62054371,1024,19.7,0,9.894099,82.76363504,0,0,0
Nebraska,NE,1991,1,2,0,0,38.89801,NA,64.79616054,16.62054371,1135,24,0,9.756698,80.07795448,0,0,0
Nebraska,NE,1992,2,3,0,0,53.49063,NA,63.59061264,17.54017605,1135,27.1,0,9.702877,73.13967213,0,0,0
Nebraska,NE,1993,3,4,0,0,34.23636,NA,65.25611298,17.54017605,1138,24.1,0,9.707798,69.33682145,0,0,1
Nebraska,NE,1994,4,5,0,0,36.63513,NA,57.6812761,19.44517142,990,25.7,1,9.678464,68.68368354,0,0,0
Nebraska,NE,1995,5,6,0,0,32.90883,NA,57.90271253,19.44517142,990,21.1,1,9.66607,63.05825525,0,0,0
Nebraska,NE,1996,6,7,0,0,39.50131,NA,60.3800382,17.43044854,990,24.6,1,9.642955,53.57557298,0,0,0
Nebraska,NE,1997,7,8,0,0,28.82076,NA,56.87070437,17.43044854,990,21.9,1,9.683127,50.3114729,0,0,1
Nebraska,NE,1998,8,9,0,0,32.67596,NA,58.77832075,18.37351674,990,20.4,1,9.836621,50.21417362,0,0,0
Nebraska,NE,1999,9,10,0,0,33.67242,NA,58.93016212,18.37351674,990,22.7,2,9.980326,45.63585714,0,0,0
Nebraska,NE,2000,10,11,0,0,25.46922,NA,60.65297573,19.05405405,990,20.9,2,9.879639,44.01804065,0,0,0
Nebraska,NE,2001,11,12,0,0,32.75564,NA,58.66549218,19.05405405,990,22.7,2,9.367883,40.47496047,0,0,1
Nebraska,NE,2002,12,13,0,0,24.95401,NA,58.87292818,19.05405405,990,21.3,2,9.350971,39.664,0,0.090909091,0
Nevada,NV,1990,0,1,0,0,37.25226,38.0952381,40.84464856,20.67954045,1017,19.9,0,9.739288,82.01898393,0,0,0
Nevada,NV,1991,1,2,0,0,40.80777,52.38095238,43.25896162,20.67954045,919,17.2,0,9.330945,78.30405066,0,0,0
Nevada,NV,1992,2,3,0,0,44.16613,52.38095238,30.75970273,40.93959732,1015,19,0,8.869093,76.44018959,0,0,0
Nevada,NV,1993,3,4,0,0,44.75106,47.61904762,29.41466785,40.93959732,1061,22.1,0,8.492398,74.05032595,0,0,1
Nevada,NV,1994,4,5,0,0,46.02177,47.61904762,35.63272183,36.30154978,990,17.4,0,8.260799,65.93905533,0,0,0
Nevada,NV,1995,5,6,0,0,44.06835,38.0952381,35.39748954,36.30154978,990,20.8,0,8.109053,62.92014304,14.54157087,0,0
Nevada,NV,1996,6,7,0,0,39.51332,38.0952381,33.38278932,36.93567251,990,16.9,0,7.988022,58.41418356,14.47035364,0,0
Nevada,NV,1997,7,8,0,0,32.09778,42.85714286,31.68779186,36.93567251,990,19.3,0,7.980482,56.11534953,0,0.066666667,1
Nevada,NV,1998,8,9,0,0,49.75616,42.85714286,34.8894006,34.8,990,18.2,0,7.987736,52.89832577,0,0,0
Nevada,NV,1999,9,10,0,0,57.2574,42.85714286,32.91639236,34.8,990,20.2,0,8.050682,49.82020588,0,0.066666667,0
Nevada,NV,2000,10,11,0,0,50.16087,42.85714286,38.86210833,25.62428595,990,18.3,0,11.225472,44.89769106,137.5017763,0.066666667,0
Nevada,NV,2001,11,12,1,0,50.83118,42.85714286,37.3483694,25.62428595,990,20.6,0,11.604516,43.08864032,234.7111417,0.133333333,1
New Hampshire,NH,1990,0,1,0,0,38.68348,33.33333333,45.99202647,43.76613796,1023,26.4,0,10.610005,99.61119434,0.300781125,0,0
New Hampshire,NH,1991,1,2,0,0,37.78929,45.83333333,44.96226884,43.76613796,1039,27,0,9.99145,95.90175771,0.26975976,0,1
New Hampshire,NH,1992,2,3,0,0,48.09837,45.83333333,58.20262823,43.69992717,921,23.5,0,9.544062,91.88748325,0.260292379,0,0
New Hampshire,NH,1993,3,4,0,0,38.83879,45.83333333,58.86135643,43.69992717,1034,27.6,0,9.173072,82.02568512,0.253751849,0,0
New Hampshire,NH,1994,4,5,0,0,31.14478,45.83333333,54.57684211,46.55145811,1023,30.1,0,8.718842,73.64125169,1.700490486,0,0
New Hampshire,NH,1995,5,6,0,0,33.94822,25,54.81224628,46.55145811,1035,25.8,0,8.34064,70.80434318,0.192478437,0,1
New Hampshire,NH,1996,6,7,0,0,30.33659,25,55.77474012,49.80921632,1036,31.6,0,8.032304,64.77890567,0.235120819,0,0
New Hampshire,NH,1997,7,8,0,0,38.55247,37.5,53.38870172,49.80921632,1025,26.2,0,7.902474,61.07857196,0.230589453,0,0
New Hampshire,NH,1998,8,9,0,0,35.68417,37.5,57.57345684,51.08795991,1039,30.1,0,7.932484,56.82963742,0.20958621,0,0
New Hampshire,NH,1999,9,10,0,0,33.65557,54.16666667,55.25759674,51.08795991,1029,17.6,0,8.029777,53.39984874,0.200948812,0,1
New Hampshire,NH,2000,10,11,0,0,35.37239,50,57.04820975,52.98986904,1038,27.2,0,11.971375,50.20380081,0.194950011,0,0
New Hampshire,NH,2001,11,12,0,0,39.39322,45.83333333,55.17758538,52.98986904,1025,26.4,0,11.11402,48.39929644,0.179846018,0,0
New Hampshire,NH,2002,12,13,0,0,39.72785,25,53.46456173,52.98986904,1043,26.6,0,10.796245,49.088,0.177046858,0,0
New Jersey,NJ,1990,0,1,0,0,59.23833,57.5,50.00768955,54.99231164,1005,30.1,0,10.091263,113.4264682,35.97270652,0,0
New Jersey,NJ,1991,1,2,0,0,60.45119,57.5,50.22266842,54.99231164,988,26.2,0,9.610546,106.4302665,42.29555495,0,1
New Jersey,NJ,1992,2,3,0,0,64.97832,32.5,61.48108343,44.38848771,1005,28.5,0,9.195752,100.733742,46.06491939,0,0
New Jersey,NJ,1993,3,4,0,0,61.49353,32.5,62.28515878,44.38848771,886,25.7,0,8.898284,93.90282007,41.98881701,0,1
New Jersey,NJ,1994,4,5,0,0,49.11714,40,63.34599888,44.67502667,1003,28.3,0,8.6189,85.81909784,53.11369577,0,0
New Jersey,NJ,1995,5,6,0,0,56.54219,40,62.30842551,44.67502667,1025,31.4,0,8.393798,79.48534449,44.72290336,0,1
New Jersey,NJ,1996,6,7,0,0,61.63544,40,62.73976943,43.15599324,999,27.9,0,8.202284,75.20026386,42.38136651,0,0
New Jersey,NJ,1997,7,8,0,0,66.65209,40,66.92013726,43.15599324,1012,30.7,0,8.117503,68.83164548,38.52043266,0,1
New Jersey,NJ,1998,8,9,0,0,61.71818,40,66.81306477,43.74763884,994,28.1,0,8.077486,66.99012454,75.05248545,0,0
New Jersey,NJ,1999,9,10,0,0,67.92351,40,61.92392271,43.74763884,1011,30.1,0,8.044783,62.53954622,86.5659818,0,1
New Jersey,NJ,2000,10,11,0,0,57.95655,NA,62.39765143,42.61927516,992,26.4,0,12.487015,58.07573171,98.17338076,0,0
New Jersey,NJ,2001,11,12,0,0,65.75221,50,60.03420312,42.61927516,1008,30.5,0,12.395207,55.23366798,97.61898852,0,1
New Jersey,NJ,2002,12,13,0,0,56.55261,50,57.47847673,42.61927516,994,26.2,0,11.944134,56.436,99.85883315,0,0
New Mexico,NM,1990,0,1,0,0,43.98873,59.52380952,43.09279624,21.44802867,1091,21.6,0,9.997345,66.64971538,92.22946582,0,0
New Mexico,NM,1991,1,2,0,0,39.72353,61.9047619,43.99798145,21.44802867,1105,23.1,0,9.849451,61.54640529,81.55182961,0,0
New Mexico,NM,1992,2,3,0,0,51.2946,61.9047619,48.3859021,20.6403878,1091,21.6,0,9.768014,60.6684861,2.443548959,0,0
New Mexico,NM,1993,3,4,0,0,41.21182,64.28571429,49.23685698,20.6403878,1099,23.6,0,9.716564,55.95823737,2.360037241,0,0
New Mexico,NM,1994,4,5,0,0,39.57156,64.28571429,53.4060287,25.14667918,950,20.6,0,9.728673,53.29264372,2.539906487,0,1
New Mexico,NM,1995,5,6,0,0,44.8304,64.28571429,52.12551226,25.14667918,950,20.8,0,9.724807,47.25680249,40.05109556,0,0
New Mexico,NM,1996,6,7,0,0,49.24567,64.28571429,55.07899321,25.59712073,950,25.4,0,9.693972,43.73438942,83.87396624,0,0
New Mexico,NM,1997,7,8,1,0,44.85254,59.52380952,52.78945247,25.59712073,950,21.4,0,9.670793,41.88139252,345.6620026,0.066666667,0
New Mexico,NM,1998,8,9,0,0,43.41254,59.52380952,61.70072148,23.49370704,950,22,0,9.721469,41.02382209,181.3669411,0,1
New Mexico,NM,1999,9,10,1,0,51.03703,59.52380952,57.77124587,23.49370704,950,24.1,0,9.746018,38.39882353,249.8993137,0.066666667,0
New York,NY,1990,0,1,0,0,71.24957,44.26229508,55.13243896,23.90533884,997,26.9,0,10.896746,90.10278424,41.62078545,0,0
New York,NY,1991,1,2,0,0,72.02496,42.62295082,54.78665988,23.90533884,985,23.4,0,10.392578,87.83399559,14.90628296,0,1
New York,NY,1992,2,3,0,0,72.00552,42.62295082,68.29962153,19.9682563,998,26.8,0,9.948718,82.73091946,13.81222427,0,0
New York,NY,1993,3,4,0,0,70.73094,42.62295082,68.40892973,19.9682563,983,23.4,0,9.61241,74.39394118,8.117672208,0,0
New York,NY,1994,4,5,0,0,62.30802,42.62295082,69.64269994,21.29209932,997,25.8,0,9.241809,69.44722672,10.62393009,0,0
New York,NY,1995,5,6,0,0,61.15741,40.98360656,69.26637063,21.29209932,881,22.8,0,8.904161,65.99992717,6.386358886,0,1
New York,NY,1996,6,7,0,0,64.27662,40.98360656,69.07544334,21.21715822,996,25.6,0,8.619353,60.53881517,5.670952612,0,0
New York,NY,1997,7,8,0,0,69.11575,42.62295082,70.43071058,21.21715822,986,28.8,0,8.513961,56.79683988,8.677028509,0,0
New York,NY,1998,8,9,0,0,71.92155,42.62295082,70.89988052,21.04258557,993,26.3,0,8.537412,56.24799755,12.62817121,0,0
New York,NY,1999,9,10,0,0,68.72305,42.62295082,69.21181826,21.04258557,1000,28.9,0,8.572714,51.36760504,15.59698445,0,1
New York,NY,2000,10,11,0,0,60.47103,37.70491803,63.87650269,22.60910842,989,25.1,0,10.802011,49.9123252,18.08982899,0,0
New York,NY,2001,11,12,0,0,64.02395,40.98360656,62.67551817,22.60910842,1000,28.7,0,10.553858,47.3865336,18.17918199,0,0
New York,NY,2002,12,13,0,0,60.40564,40.32258065,62.23621482,22.60910842,988,22.2,0,10.5485,44.2,21.99467569,0,0
North Carolina,NC,1990,0,1,0,0,34.76576,74,56.87267199,6.506629598,964,18.5,0,11.788327,80.14565647,125.6890325,0,0
North Carolina,NC,1991,1,2,0,0,43.93531,72,58.32241971,6.506629598,986,23.9,0,11.453183,74.62812041,114.2638245,0,1
North Carolina,NC,1992,2,3,0,0,42.73147,72,50.14107151,7.598000692,961,18.5,0,11.05645,73.34867926,107.624652,0,0
North Carolina,NC,1993,3,4,0,0,41.9207,78,52.38879465,7.598000692,982,23.3,0,10.67523,69.86220415,108.7153904,0,0
North Carolina,NC,1994,4,5,0,0,40.62665,78,49.51777746,8.640180879,952,18.5,0,10.195317,66.38455668,124.2019385,0,0
North Carolina,NC,1995,5,6,0,0,41.13757,52,51.46447688,8.640180879,978,22.6,0,9.759671,61.1353084,112.8313002,0,1
North Carolina,NC,1996,6,7,0,0,42.28664,52,52.9297067,9.42327338,844,18.3,0,9.325527,56.49479159,114.8048505,0,0
North Carolina,NC,1997,7,8,0,0,42.3294,60,51.39125316,9.42327338,976,21,0,9.075485,53.09235701,184.9703496,0,0
North Carolina,NC,1998,8,9,0,0,44.68046,60,63.72435031,8.405246807,994,22.4,0,8.991178,49.20430552,199.1447201,0,0
North Carolina,NC,1999,9,10,1,0,51.33272,70,61.08500512,8.405246807,970,20.6,0,8.924868,46.09910504,208.3872421,0,1
North Carolina,NC,2001,11,12,0,0,47.15712,70,61.64008011,8.909065769,964,19,0,10.203285,40.56536759,194.3312281,0,0
North Carolina,NC,2002,12,13,0,0,44.17378,56,59.76394111,8.909065769,988,23.2,0,10.644921,39.718,183.6849378,0,0
North Dakota,ND,1990,0,1,0,0,52.62883,60.37735849,64.78178368,11.34544034,1197,22.6,0,10.776794,78.55312165,12.13596528,0,0
North Dakota,ND,1991,1,2,0,0,54.48036,50.94339623,65.90733591,11.34544034,1184,20.8,0,10.575491,72.82912041,12.68581435,0,1
North Dakota,ND,1992,2,3,0,0,66.35245,50.94339623,69.44517142,19.7475033,1199,22.3,0,10.444155,68.1388881,10.87678685,0,0
North Dakota,ND,1993,3,4,0,0,51.18258,51.02040816,67.57066463,19.7475033,1156,22.3,0,10.381525,63.49660761,10.57317656,0,0
North Dakota,ND,1994,4,5,0,0,47.48898,51.02040816,65.6890416,19.50308238,990,22.5,0,10.29274,61.81786437,10.96699096,0,0
North Dakota,ND,1995,5,6,0,0,55.5207,40.81632653,63.66555661,19.50308238,990,22.3,0,10.215148,55.38771588,9.670028916,0,1
North Dakota,ND,1996,6,7,0,0,49.44916,40.81632653,70.6519153,19.90234046,990,20.5,0,10.189704,52.14692161,8.035506051,0,0
North Dakota,ND,1997,7,8,0,0,48.84262,38.7755102,69.05813953,19.90234046,990,22.2,0,10.291266,48.7388891,10.11470337,0,0
North Dakota,ND,1998,8,9,0,0,56.30495,36.73469388,67.77046949,15.72958501,990,19.9,0,10.47593,46.5996184,9.757493943,0,0
North Dakota,ND,1999,9,10,0,0,62.27417,36.73469388,66.00397614,15.72958501,990,25.3,0,10.633456,44.36381513,10.83831423,0,1
North Dakota,ND,2000,10,11,0,0,54.16187,36.73469388,70.67356348,24.29594272,990,19.8,0,9.007843,41.95054878,11.06099523,0,0
North Dakota,ND,2001,11,12,0,0,66.16526,34.69387755,74.51980081,24.29594272,990,24.4,0,8.339822,37.77392095,10.21106928,0,0
North Dakota,ND,2002,12,13,0,0,59.69991,34.04255319,74.78581628,24.29594272,990,19.9,0,8.54245,36.127,11.79917218,0.090909091,0
Ohio,OH,1990,0,1,0,0,50.58558,42.42424242,48.00553878,15.39183319,1064,19.8,0,10.520204,88.00096863,87.82340039,0,0
Ohio,OH,1991,1,2,0,0,50.90388,36.36363636,49.22169004,15.39183319,1072,24.6,0,10.3065,84.90698825,74.49442894,0,1
Ohio,OH,1992,2,3,0,0,54.72195,36.36363636,48.37990756,14.66283636,1057,19.5,0,10.10345,79.82148895,81.73531715,0,0
Ohio,OH,1993,3,4,0,0,47.97816,39.39393939,48.98416293,14.66283636,1072,25.5,0,9.955707,70.01409204,84.47792332,0,0
Ohio,OH,1994,4,5,0,0,43.27041,39.39393939,50.62799632,15.71189986,990,18.6,0,9.746429,72.8485749,95.55317031,0,0
Ohio,OH,1995,5,6,0,0,42.45303,39.39393939,53.75162328,15.71189986,990,21.5,0,9.557188,66.01763386,100.080373,0,1
Ohio,OH,1996,6,7,0,0,45.82933,39.39393939,52.78233565,14.64707832,990,18.6,0,9.35754,59.43350223,115.3666661,0,0
Ohio,OH,1997,7,8,0,0,48.06739,36.36363636,51.10770596,14.64707832,990,21.5,0,9.276411,57.04455265,125.9721248,0,0
Ohio,OH,1998,8,9,0,0,49.07692,36.36363636,55.10024537,15.26945669,990,17.6,0,9.342763,51.70524663,136.2629189,0,0
Ohio,OH,1999,9,10,0,0,51.57756,36.36363636,54.58652508,15.26945669,990,22.3,0,9.397718,49.79752941,174.6653856,0,1
Ohio,OH,2000,10,11,0,0,44.78066,36.36363636,56.28875075,16.27575593,990,24.5,0,10.758388,45.2727439,184.5341937,0,0
Ohio,OH,2001,11,12,0,0,48.68368,36.36363636,57.0140305,16.27575593,990,19.7,1,10.397801,42.86820949,187.1741446,0,0
Ohio,OH,2002,12,13,0,0,43.51303,33.33333333,55.05063579,16.27575593,990,24.1,3,10.234922,42.821,175.3785489,0.090909091,0
Oklahoma,OK,1990,0,1,0,0,38.88869,68.75,34.78852445,16.50994425,1128,21.1,0,10.240105,70.71707957,31.04957617,0,0
Oklahoma,OK,1991,1,2,0,0,36.30723,77.08333333,35.13126352,16.50994425,1111,20.3,0,10.15242,71.25862775,33.34818279,0,1
Oklahoma,OK,1992,2,3,0,0,44.5154,77.08333333,52.97088347,12.788371,1123,22.5,0,10.132876,62.136665,35.63687299,0,0
Oklahoma,OK,1993,3,4,0,0,31.62369,77.08333333,50.86206897,12.788371,1105,20.5,0,10.137888,65.06404083,56.32953469,0,0
Oklahoma,OK,1994,4,5,0,0,25.29544,77.08333333,47.28733324,13.71799539,950,23.7,0,10.035142,57.49273819,26.42665045,0,0
Oklahoma,OK,1995,5,6,0,0,17.68407,72.91666667,47.97415299,13.71799539,950,20.2,0,9.94484,52.27369882,60.34373097,0,1
Oklahoma,OK,1996,6,7,0,0,9.251008,75,47.31568672,14.40446575,950,20.5,0,9.834081,49.46160739,64.81999263,0,0
Oklahoma,OK,1997,7,8,0,0,16.78196,68.75,45.19924307,14.40446575,950,20.2,1,9.796565,47.21562368,73.91666276,0,0
Oklahoma,OK,1998,8,9,0,0,22.84107,68.75,48.91551606,12.91840156,950,20.5,0,9.890685,42.80847423,74.34663936,0,0
Oklahoma,OK,1999,9,10,0,0,24.27928,68.75,47.07874036,12.91840156,950,17.1,1,9.977199,37.93773529,71.61757458,0,1
Oklahoma,OK,2000,10,11,0,0,27.70486,68.75,49.97825698,12.74439554,950,20.1,1,9.851977,38.93027642,71.97483444,0,0
Oklahoma,OK,2001,11,12,0,0,31.89431,62.5,51.29295634,12.74439554,950,20.4,1,9.260857,36.85867589,65.07500956,0,0
Oklahoma,OK,2002,12,13,0,0,30.84721,58.33333333,51.6045535,12.74439554,950,19.1,1,9.379722,34.141,70.22028419,0,0
Oregon,OR,1990,0,1,0,0,63.74012,63.33333333,59.22728828,13.11075441,1047,23,0,9.366639,82.94670084,0,0,0
Oregon,OR,1991,1,2,0,0,67.40179,66.66666667,57.67450472,13.11075441,1052,27.2,0,9.220603,77.58286564,0,0,1
Oregon,OR,1992,2,3,0,0,69.01603,66.66666667,51.81600657,19.2018747,1028,24.5,0,9.06742,74.77454383,0,0,0
Oregon,OR,1993,3,4,0,0,66.76788,53.33333333,51.74762822,19.2018747,1054,27.2,0,9.040484,67.11577232,0,0,0
Oregon,OR,1994,4,5,0,0,59.54076,53.33333333,56.67476155,20.72284667,1033,22.9,0,8.952207,67.91407085,0,0,0
Oregon,OR,1995,5,6,0,0,56.53983,36.66666667,56.28058157,20.72284667,1050,26.8,0,8.886847,64.01087533,0,0,1
Oregon,OR,1996,6,7,0,0,59.20521,36.66666667,50.05711982,22.62719828,1026,23.8,0,8.858367,53.0240631,0,0,0
Oregon,OR,1997,7,8,0,0,53.16765,33.33333333,49.17967847,22.62719828,1056,27.7,0,8.928551,51.81680436,0,0.066666667,0
Oregon,OR,1998,8,9,0,0,53.70721,33.33333333,46.45919958,26.79345546,1023,23.8,0,9.064866,49.03875337,0,0,0
Oregon,OR,1999,9,10,0,0,58.43655,43.33333333,43.96962523,26.79345546,1049,24.3,0,9.179417,46.15741597,0,0.066666667,1
Oregon,OR,2000,10,11,0,0,52.19004,43.33333333,51.46216927,23.60793746,922,20.2,0,10.444951,43.05899187,0,0.066666667,0
Oregon,OR,2001,11,12,0,0,62.9575,46.66666667,49.4102267,23.60793746,1044,22.8,1,10.409844,40.90871146,0,0.133333333,0
Oregon,OR,2002,12,13,0,0,61.38554,50,48.70120362,23.60793746,1019,27.1,1,10.268202,39.653,2.134748806,0.133333333,0
Pennsylvania,PA,1990,0,1,0,0,54.54815,46,51.90670062,19.18377551,1002,26.1,0,10.342049,88.51850803,1.538995837,0,0
Pennsylvania,PA,1991,1,2,0,0,53.69167,48,52.28366268,19.18377551,985,20.5,0,10.068665,87.34792217,1.538854232,0,1
Pennsylvania,PA,1992,2,3,0,0,57.38005,48,55.7420632,18.08109417,999,25.8,0,9.764628,83.87340627,0.432468241,0,0
Pennsylvania,PA,1993,3,4,0,0,53.14867,50,56.55490082,18.08109417,983,19.5,0,9.481024,74.13373979,0.533976836,0,0
Pennsylvania,PA,1994,4,5,0,0,47.93869,48,55.90325894,19.01109637,995,24.3,0,9.139548,70.60528745,0.165193003,0,0
Pennsylvania,PA,1995,5,6,0,0,50.99107,42,55.25423183,19.01109637,982,18.7,0,8.812154,65.38019291,0,0,1
Pennsylvania,PA,1996,6,7,0,0,49.27008,42,55.84498444,19.27698948,993,23.9,0,8.505561,61.70260421,2.038583892,0,0
Pennsylvania,PA,1997,7,8,0,0,57.65842,40,55.21780104,19.27698948,982,18.4,0,8.350699,57.0344648,0,0,0
Pennsylvania,PA,1998,8,9,0,0,56.29264,40,61.44723695,18.61811905,992,22.1,0,8.350567,54.21280982,0,0,0
Pennsylvania,PA,1999,9,10,0,0,54.62812,40,60.58532445,18.61811905,982,18.4,0,8.359632,50.86980252,0,0,1
Pennsylvania,PA,2000,10,11,0,0,47.40379,40,61.27244446,17.51737566,993,22.9,0,11.229675,46.8753374,0,0,0
Pennsylvania,PA,2001,11,12,0,0,54.90998,42,60.44903979,17.51737566,876,18.6,0,10.69618,43.89620949,0,0,0
Pennsylvania,PA,2002,12,13,0,0,51.66877,42,59.20100385,17.51737566,990,22.3,2,10.486507,40.892,0,0,0
Rhode Island,RI,1990,0,1,0,0,68.34465,82,52.06512238,36.97796432,992,24.5,0,12.007316,93.1102938,2.813812221,0,0
Rhode Island,RI,1991,1,2,0,0,71.6931,90,51.4190137,36.97796432,1001,30.1,0,11.486975,93.04871806,1.159985742,0,1
Rhode Island,RI,1992,2,3,0,0,63.80399,90,66.31299735,33.66666667,992,27.9,0,10.911127,87.72913899,0,0,0
Rhode Island,RI,1993,3,4,0,0,69.37112,78,67.73538045,33.66666667,1000,27.4,0,10.288914,80.44331211,0,0,1
Rhode Island,RI,1994,4,5,0,0,62.01086,78,62.75720165,37.11820535,984,23.9,0,9.601953,76.20258097,0,0,0
Rhode Island,RI,1995,5,6,0,0,62.31873,80,64.08271591,37.11820535,1005,26.4,0,8.909914,73.19356627,0,0,1
Rhode Island,RI,1996,6,7,0,0,67.18973,80,64.58061712,40.51144011,986,20.5,0,8.311841,61.8780325,0,0,0
Rhode Island,RI,1997,7,8,0,0,69.5415,82,62.83962364,40.51144011,1003,26.8,0,8.020262,57.57024174,0,0,0
Rhode Island,RI,1998,8,9,0,0,77.11398,84,67.08490171,36.92331671,985,22.8,0,8.051457,57.07023988,0,0,0
Rhode Island,RI,1999,9,10,0,0,72.90275,84,64.93269912,36.92331671,996,27.8,0,8.066209,51.73258824,0,0,1
Rhode Island,RI,2000,10,11,0,0,77.25645,84,65.08444089,36.95685552,984,22.8,0,9.88545,48.4716626,0,0,0
Rhode Island,RI,2001,11,12,0,0,85.63531,88,61.93419551,36.95685552,992,25.7,0,9.37615,46.92027668,0,0,0
Rhode Island,RI,2002,12,13,0,0,79.20026,84.21052632,60.89192221,36.95685552,880,20.2,0,9.481369,44.598,0.762491888,0,0
South Carolina,SC,1990,0,1,0,0,39.15638,76.08695652,51.36792719,13.38101788,832,16.6,0,11.718247,77.23174445,0,0,0
South Carolina,SC,1991,1,2,0,0,45.76584,73.91304348,54.94090263,13.38101788,954,18.1,0,11.50304,78.21027019,0,0,1
South Carolina,SC,1992,2,3,0,0,48.20971,73.91304348,42.5564133,17.74227308,989,23.3,0,11.294547,72.1831119,0,0,0
South Carolina,SC,1993,3,4,0,0,44.7755,65.2173913,43.45176742,17.74227308,951,18.2,0,11.051824,69.69164152,0,0,0
South Carolina,SC,1994,4,5,0,0,41.65413,65.2173913,58.285697,13.89133932,974,23.4,1,10.709568,63.62900337,0,0,0
South Carolina,SC,1995,5,6,0,0,36.2935,58.69565217,59.18611794,13.89133932,946,18,1,10.390062,58.62095801,0,0,1
South Carolina,SC,1996,6,7,0,0,37.8013,54.34782609,58.2919264,13.95360851,966,19,1,10.054054,53.85878075,0,0,0
South Carolina,SC,1997,7,8,0,0,41.36761,56.52173913,57.28448403,13.95360851,945,16.7,1,9.841552,49.37218193,0,0,0
South Carolina,SC,1998,8,9,0,0,41.0655,54.34782609,62.0705924,13.14014252,954,20.9,1,9.845978,48.07192883,0,0,0
South Carolina,SC,1999,9,10,1,0,53.61335,52.17391304,60.95795204,13.14014252,938,17.9,2,9.875205,43.36928992,423.3387469,0,1
South Dakota,SD,1990,0,1,0,0,46.35243,42.85714286,50.31838504,30.93699515,1144,20.1,0,9.798437,76.19804208,4.384170175,0,0
South Dakota,SD,1991,1,2,0,0,49.23817,48.57142857,49.42115768,30.93699515,1047,18.4,0,9.717637,78.87862115,4.005278032,0,1
South Dakota,SD,1992,2,3,0,0,53.37595,48.57142857,48.95198635,30.19666418,1140,20.8,0,9.640839,70.71621525,3.769482557,0,0
South Dakota,SD,1993,3,4,0,0,51.22521,57.14285714,46.19365225,30.19666418,1145,23.6,0,9.71462,65.04536609,2.814403589,0,0
South Dakota,SD,1994,4,5,0,0,42.3568,57.14285714,50.43559066,29.36434823,990,18.9,0,9.762859,60.75812955,2.774012433,0,0
South Dakota,SD,1995,5,6,0,0,50.37772,45.71428571,48.41659233,29.36434823,990,23.6,0,9.838263,55.28147572,0,0,1
South Dakota,SD,1996,6,7,0,0,42.85022,45.71428571,47.17546215,33.14360771,990,17.3,0,9.892174,51.6458617,0,0,0
South Dakota,SD,1997,7,8,0,0,42.13326,37.14285714,47.80743066,33.14360771,990,25.7,0,9.991763,47.37815016,0,0.066666667,0
South Dakota,SD,1998,8,9,0,0,44.05075,37.14285714,66.59398168,26.47347741,990,19.4,0,10.20993,47.41854969,0,0,0
South Dakota,SD,1999,9,10,0,0,47.56187,37.14285714,62.83950617,26.47347741,990,25.6,0,10.415478,41.10596218,0,0.066666667,1
South Dakota,SD,2000,10,11,0,0,39.9565,37.14285714,66.75962673,29.62724936,990,18.8,0,9.812919,40.28631707,0,0.066666667,0
South Dakota,SD,2001,11,12,0,0,55.50637,31.42857143,65.79281184,29.62724936,990,21.8,0,9.209935,36.98158893,0,0.133333333,0
South Dakota,SD,2002,12,13,0,0,48.32705,25.71428571,66.8528464,29.62724936,990,18.8,0,9.108349,34.632,0,0.133333333,0
Tennessee,TN,1990,0,1,0,0,45.13994,66.66666667,48.89495554,16.11380245,1107,15.8,0,10.835077,76.53664499,4.380535269,0,0
Tennessee,TN,1991,1,2,0,0,43.88053,60.60606061,48.61100024,16.11380245,1120,17.1,0,10.597539,74.03637885,2.346423727,0,1
Tennessee,TN,1992,2,3,0,0,48.56403,60.60606061,46.47915988,16.02154304,1015,15.7,0,10.365005,70.39436992,5.917016661,0,0
Tennessee,TN,1993,3,4,0,0,43.0141,57.57575758,50.06905926,16.02154304,1115,19.5,0,10.176281,64.73785536,6.580281778,0,0
Tennessee,TN,1994,4,5,0,0,33.35421,57.57575758,50.29674814,17.12623428,950,21.5,1,9.933273,61.22183941,5.394622403,0,0
Tennessee,TN,1995,5,6,0,0,35.04507,54.54545455,50.61697671,17.12623428,950,17.8,1,9.687126,56.94944619,2.95875998,0,1
Tennessee,TN,1996,6,7,0,0,32.02449,48.48484848,57.1366519,16.59951346,910,21,1,9.427204,51.87747291,4.228264724,0,0
Tennessee,TN,1997,7,8,0,0,35.1857,54.54545455,58.58068539,16.59951346,910,16.2,1,9.263492,49.66809221,4.433335567,0,0
Tennessee,TN,1998,8,9,0,0,40.39098,54.54545455,58.8605939,17.26117717,910,22,1,9.247071,46.50028712,4.704088967,0,0
Tennessee,TN,1999,9,10,0,0,47.88145,54.54545455,55.91177384,17.26117717,910,14.9,2,9.218409,41.40183613,4.585216803,0,1
Tennessee,TN,2000,10,11,0,0,32.94278,54.54545455,63.46206634,17.87057062,950,17.7,2,10.426307,42.12815041,4.256803257,0,0
Tennessee,TN,2001,11,12,0,0,40.50373,51.51515152,63.00574399,17.87057062,950,15.8,2,10.465535,39.16151779,2.893506035,0,0
Tennessee,TN,2002,12,13,0,0,38.50405,54.54545455,61.28420537,17.87057062,950,16.9,2,10.330362,34.279,2.953792536,0,0
Texas,TX,1990,0,1,0,0,35.84294,74.19354839,49.22819324,6.919280617,995,23.3,0,11.094619,77.46298546,0,0,0
Texas,TX,1991,1,2,0,0,32.21481,74.19354839,52.69891106,6.919280617,979,21.1,0,10.819217,74.76813069,0,0,1
Texas,TX,1992,2,3,0,0,42.26667,70.96774194,47.98837822,9.354230119,995,22.4,0,10.612887,68.61716821,0,0,0
Texas,TX,1993,3,4,0,0,34.06784,58.06451613,47.24886097,9.354230119,874,21.7,0,10.504739,66.34637301,0,0,0
Texas,TX,1994,4,5,0,0,29.57403,58.06451613,48.43457199,9.613563394,995,21.9,0,10.366169,62.0885641,0,0,0
Texas,TX,1995,5,6,0,0,35.26764,54.83870968,47.94060162,9.613563394,1025,26.2,0,10.250464,56.66968045,0,0,1
Texas,TX,1996,6,7,0,0,34.79901,54.83870968,51.26337498,9.787281959,996,22,0,10.067645,53.61111727,0,0,0
Texas,TX,1997,7,8,0,0,38.96467,45.16129032,47.44093437,9.787281959,992,23.8,1,10.029115,49.2926,0,0,0
Texas,TX,1998,8,9,0,0,41.24134,45.16129032,49.73788669,10.65257571,989,20.8,1,10.113158,46.98369939,0,0,0
Texas,TX,1999,9,10,0,0,41.34155,48.38709677,47.33012431,10.65257571,993,23.9,2,10.21585,43.93620168,0,0,1
Texas,TX,2000,10,11,0,0,39.89737,48.38709677,51.98309839,10.3056694,988,22.1,2,9.625002,42.14591057,3.166522127,0,0
Texas,TX,2001,11,12,0,0,42.65409,48.38709677,50.95718761,10.3056694,993,24.4,2,9.522539,39.82382609,2.978654216,0,0
Texas,TX,2002,12,13,0,0,43.46104,38.70967742,49.0021338,10.3056694,980,21.1,2,9.564485,37.789,5.182839044,0,0
Utah,UT,1990,0,1,0,0,40.10065,24.13793103,26.82712964,14.44680503,1132,22.3,0,11.677987,82.39887988,0,0,0
Utah,UT,1991,1,2,0,0,30.26314,34.48275862,25.3868813,14.44680503,1142,27.6,0,11.674083,77.97647944,0,0,0
Utah,UT,1992,2,3,0,0,34.2436,34.48275862,49.93746722,7.998061076,1122,22.3,0,11.705853,73.14351889,0,0,0
Utah,UT,1993,3,4,0,0,29.53467,37.93103448,45.84953884,7.998061076,1146,26.7,0,11.852114,71.2765045,0,0,1
Utah,UT,1994,4,5,0,0,21.50691,37.93103448,53.33333333,7.152335456,990,24.2,0,12.142645,67.24035628,16.18477133,0,0
Utah,UT,1995,5,6,0,0,28.47833,34.48275862,56.0651713,7.152335456,990,25.6,0,12.5696,59.99381693,0,0,0
Utah,UT,1996,6,7,0,0,28.12384,34.48275862,43.57272756,7.651753679,990,26.8,0,12.84894,52.48516571,0,0,0
Utah,UT,1997,7,8,0,0,37.78322,31.03448276,42.31710718,7.651753679,990,24,1,13.089966,51.1241053,0,0.066666667,1
Utah,UT,1998,8,9,0,0,35.46717,31.03448276,41.66976456,9.575496246,990,27.9,0,13.405742,49.52326933,0,0,0
Utah,UT,1999,9,10,0,0,36.91539,37.93103448,40.40188628,9.575496246,990,22.8,1,13.659472,46.03323529,0,0.066666667,0
Utah,UT,2000,10,11,0,0,32.48448,37.93103448,39.85484479,9.42845881,990,26.4,1,7.047667,43.14152439,0,0.066666667,0
Utah,UT,2001,11,12,0,0,31.7135,31.03448276,40.21876982,9.42845881,990,22.7,2,7.211954,40.150917,0,0.133333333,1
Utah,UT,2002,12,13,0,0,31.50075,24.13793103,40.78778135,9.42845881,990,27.9,2,7.535011,38.632,9.354578489,0.133333333,0
Vermont,VT,1990,0,1,0,0,64.26262,53.33333333,57.23310171,33.33333333,1020,28.3,0,11.261017,85.79454399,0,0,0
Vermont,VT,1991,1,2,0,0,76.9922,50,57.06188002,33.33333333,1001,28.4,0,10.94132,83.13176358,0,0,0
Vermont,VT,1992,2,3,0,0,80.20238,50,53.10181531,46.93816885,1012,27.1,0,10.592212,75.81316821,0,0,0
Vermont,VT,1993,3,4,0,0,72.53845,46.66666667,51.48454239,46.93816885,995,28.4,0,10.196487,71.85168651,0,0,0
Vermont,VT,1994,4,5,0,0,84.06621,46.66666667,47.28937205,52.41984271,1010,23.7,0,9.682514,64.7433637,2.155974948,0,1
Vermont,VT,1995,5,6,0,0,75.38114,40,47.582038,52.41984271,890,26.37,0,9.208797,61.16363911,0.378361614,0,0
Vermont,VT,1996,6,7,0,0,75.46187,40,45.62104104,53.75792333,1006,27.1,0,8.743795,56.64270172,0.357403514,0,0
Vermont,VT,1997,7,8,0,0,59.82032,56.66666667,43.29587036,53.75792333,1020,30.8,0,8.563908,53.10244486,0.377258347,0,0
Vermont,VT,1998,8,9,0,0,74.2126,56.66666667,49.46780893,53.60797691,1005,30.3,0,8.665492,51.12250307,2.824777649,0,1
Vermont,VT,1999,9,10,0,0,71.65363,56.66666667,47.9491696,53.60797691,1017,29,1,8.797171,47.71129412,2.850112682,0,0
Vermont,VT,2000,10,11,0,0,71.01639,56.66666667,44.29819166,59.59455707,1002,27.7,1,10.761659,44.76396748,3.123483415,0,0
Vermont,VT,2001,11,12,0,0,78.50667,53.33333333,42.96110713,59.59455707,1021,28.8,1,9.921509,42.603083,3.095323305,0,0
Vermont,VT,2002,12,13,0,0,95.84666,63.33333333,44.11908846,59.59455707,996,23.1,2,9.69565,41.312,6.094294133,0,1
Virginia,VA,1990,0,1,0,0,37.41631,75,53.21400803,22.31929866,997,25.8,0,11.613262,92.06833282,92.33903717,0,0
Virginia,VA,1991,1,2,0,0,38.14407,75,54.16195614,22.31929866,1007,31.6,0,11.156067,91.95241116,92.69007658,0,1
Virginia,VA,1992,2,3,0,0,42.30402,55,51.4399948,22.04423381,995,23,0,10.806826,87.26239914,95.48461982,0,0
Virginia,VA,1993,3,4,0,0,40.01064,55,52.12450593,22.04423381,1006,30.3,0,10.526451,80.11712664,97.01241278,0,1
Virginia,VA,1994,4,5,0,0,35.97356,55,51.53564609,22.36838042,994,23,0,10.187666,73.54535358,82.77123446,0,0
Virginia,VA,1995,5,6,0,0,38.79837,55,51.70927206,22.36838042,1003,28,0,9.882466,67.34445538,82.25343468,0,1
Virginia,VA,1996,6,7,0,0,36.50775,50,52.64873174,21.14868021,890,27.3,0,9.61483,61.22103633,93.71182629,0,0
Virginia,VA,1997,7,8,0,0,42.2235,50,50.56100154,21.14868021,1003,26.3,0,9.495558,56.07948162,102.250748,0,1
Virginia,VA,1998,8,9,0,0,43.59193,47.5,54.43061867,21.90300896,1013,34.6,0,9.518835,54.58033558,133.1109346,0,0
Virginia,VA,1999,9,10,0,0,44.85288,47.5,53.09463785,21.90300896,998,26,0,9.617875,51.54253782,138.3878283,0,1
Virginia,VA,2000,10,11,0,0,37.95776,NA,52.76531086,21.6350256,1011,30.6,0,10.924007,47.12189024,169.4860253,0,0
Virginia,VA,2001,11,12,0,0,53.33913,45,52.01664355,21.6350256,996,26.4,0,10.118017,45.19136759,143.4539595,0,0
Virginia,VA,2002,12,13,0,0,47.54441,42.5,48.6496303,21.6350256,1009,31.9,0,10.796151,44.597,138.6307398,0,0
Washington,WA,1990,0,1,0,0,54.98353,48.97959184,58.73820807,12.30914232,1054,28.6,0,9.961712,91.57556924,0.23240647,0,0
Washington,WA,1991,1,2,0,0,58.99244,48.97959184,56.40616693,12.30914232,1021,27.9,0,9.680111,87.1722489,0,0,0
Washington,WA,1992,2,3,0,0,64.99248,48.97959184,57.44583142,14.00072674,1051,28.6,0,9.465549,81.51021525,0,0,0
Washington,WA,1993,3,4,0,0,52.01457,57.14285714,55.17351992,14.00072674,1018,26,0,9.351672,77.95832664,0,0,1
Washington,WA,1994,4,5,0,0,47.9232,57.14285714,55.09838654,14.64863543,1050,28.1,0,9.197864,73.7905614,4.826492372,0,0
Washington,WA,1995,5,6,0,0,50.53498,53.06122449,54.13734393,14.64863543,1015,26,0,9.129694,67.78240092,7.130656058,0,0
Washington,WA,1996,6,7,0,0,48.97887,51.02040816,55.94703976,15.4888547,1046,26.1,0,9.081911,60.94470809,7.549355372,0,0
Washington,WA,1997,7,8,0,0,50.96482,40.81632653,53.7217113,15.4888547,913,24.1,0,9.18166,57.62964798,7.313932561,0.066666667,1
Washington,WA,1998,8,9,0,0,52.75079,46.93877551,48.30871456,17.50665813,1038,25.6,0,9.354384,54.00531779,7.545468084,0,0
Washington,WA,1999,9,10,0,0,46.8365,55.10204082,48.74053139,17.50665813,1017,28.3,0,9.549677,54.59306303,19.17059013,0.066666667,0
Washington,WA,2000,10,11,0,0,38.80211,55.10204082,46.5351456,22.25046041,1036,26.5,0,10.792975,48.35152033,34.80191858,0.066666667,0
Washington,WA,2001,11,12,0,0,51.71996,51.02040816,44.51111548,22.25046041,1054,26.9,0,10.223568,44.67736759,5.068044812,0.133333333,1
Washington,WA,2002,12,13,0,0,50.51197,48.97959184,43.77902477,22.25046041,1023,25.1,0,10.217103,44.306,8.013150631,0.133333333,0
West Virginia,WV,1990,0,1,0,0,59.49782,88.23529412,44.25837321,15.16632017,1023,11.4,0,10.165809,65.44946442,0,0,0
West Virginia,WV,1991,1,2,0,0,58.16882,97.05882353,46.41513075,15.16632017,1037,15.3,0,10.317751,65.34253304,0,0,1
West Virginia,WV,1992,2,3,0,0,74.63947,97.05882353,48.45454545,15.03900464,1026,12.2,0,10.41927,59.32981468,0,0,0
West Virginia,WV,1993,3,4,0,0,62.47345,94.11764706,49.26542129,15.03900464,1039,17.9,0,10.511796,56.27570796,0,0,0
West Virginia,WV,1994,4,5,0,0,62.16131,94.11764706,48.94967072,15.9285083,910,11.9,0,10.496143,52.41742173,108.1059783,0,0
West Virginia,WV,1995,5,6,0,0,64.57647,76.47058824,48.41439642,15.9285083,950,16.3,0,10.386906,51.54772441,0,0,1
West Virginia,WV,1996,6,7,0,0,62.13663,76.47058824,51.97079572,16.1177029,950,11.9,0,10.221373,47.3461485,0,0,0
West Virginia,WV,1997,7,8,0,0,65.92142,73.52941176,50.46223116,16.1177029,950,14.7,0,10.082606,44.53337632,0,0,0
West Virginia,WV,1998,8,9,0,0,70.59126,73.52941176,54.13066693,15.97022956,950,11.1,0,10.025562,42.33389141,0,0,0
West Virginia,WV,1999,9,10,0,0,68.59886,85.29411765,54.88188976,15.97022956,950,14.2,0,9.902754,36.91837395,0,0,1
West Virginia,WV,2000,10,11,0,0,53.13815,85.29411765,55.13636599,17.06401352,950,15.9,0,10.496868,38.89371138,0,0,0
West Virginia,WV,2001,11,12,0,0,66.72683,82.35294118,59.39677761,17.06401352,950,12.7,0,10.37091,35.71893676,0,0,0
West Virginia,WV,2002,12,13,1,0,63.57682,70.58823529,59.00204907,17.06401352,950,15.8,1,10.387131,33.666,250.3426643,0,0
Wisconsin,WI,1990,0,1,0,0,50.10127,60.60606061,62.36024161,13.6632614,1180,24.9,0,10.410858,92.20459985,4.189604123,0,0
Wisconsin,WI,1991,1,2,0,0,51.91202,57.57575758,63.26268345,13.6632614,1134,20.9,0,10.128249,86.43785536,6.783360962,0,0
Wisconsin,WI,1992,2,3,0,0,57.89046,57.57575758,59.97171659,15.72948788,1181,23.8,0,9.867577,85.55828582,9.55746526,0,0
Wisconsin,WI,1993,3,4,0,0,57.00337,45.45454545,61.82803738,15.72948788,1126,20,0,9.707724,78.97672249,13.20282505,0,1
Wisconsin,WI,1994,4,5,0,0,51.33007,48.48484848,56.29748171,16.82441508,990,23.6,0,9.517971,70.40620783,15.34206122,0,0
Wisconsin,WI,1995,5,6,0,0,47.15104,48.48484848,55.41457504,16.82441508,1070,20.5,0,9.371348,67.60415354,16.11966018,0,0
Wisconsin,WI,1996,6,7,0,0,49.84198,48.48484848,55.45698746,17.99671102,1070,22.3,0,9.242549,60.75322753,16.15462977,0,0
Wisconsin,WI,1997,7,8,0,0,52.42233,51.51515152,53.18945912,17.99671102,1070,20.5,0,9.255,56.7475215,15.82426709,0,1
Wisconsin,WI,1998,8,9,0,0,54.58307,51.51515152,54.75276799,17.67105188,1070,22.4,0,9.405414,54.06050184,15.18945021,0,0
Wisconsin,WI,1999,9,10,0,0,52.22836,51.51515152,54.33744342,17.67105188,1070,18.9,0,9.532136,50.0642479,13.34746475,0,0
Wisconsin,WI,2000,10,11,0,0,50.3695,51.51515152,56.48721981,18.67852952,1070,24,0,10.306525,46.19627236,25.96627792,0,0
Wisconsin,WI,2001,11,12,0,0,53.14685,54.54545455,55.81519338,18.67852952,1070,24.7,1,9.776354,43.42182609,25.48667238,0,1
Wisconsin,WI,2002,12,13,0,0,49.40023,45.45454545,54.59272613,18.67852952,1070,20.6,1,9.670983,43.182,12.82109835,0.090909091,0
Wyoming,WY,1990,0,1,0,0,32.46978,36.66666667,51.31099149,20.20304569,1095,21.2,0,9.199013,78.66048355,0,0,0
Wyoming,WY,1991,1,2,0,0,34.53542,33.33333333,50.52145666,20.20304569,1092,19.2,0,9.376606,77.32397871,0,0,1
Wyoming,WY,1992,2,3,0,0,45.90746,33.33333333,44.35132957,32.37645349,1076,16.8,0,9.635583,71.62533215,0,0,0
Wyoming,WY,1993,3,4,0,0,37.00844,33.33333333,45.65361646,32.37645349,1090,20.6,0,9.947134,69.25091765,0,0,0
Wyoming,WY,1994,4,5,0,0,34.18689,33.33333333,53.59797297,26.44185314,990,18.4,0,10.19045,62.9977753,0,0,0
Wyoming,WY,1995,5,6,0,0,33.962,33.33333333,53.63421231,26.44185314,990,22.3,0,10.381936,57.14776115,0,0,1
Wyoming,WY,1996,6,7,0,0,31.20221,33.33333333,48.82123341,29.58106812,990,21,0,10.491901,53.69481836,0,0,0
Wyoming,WY,1997,7,8,0,0,27.95286,30,48.42056364,29.58106812,990,19.8,0,10.61618,51.47605919,0,0.066666667,0
Wyoming,WY,1998,8,9,0,0,29.08872,30,54.77347547,29.70807098,990,21,0,10.808762,52.93364356,0,0,0
Wyoming,WY,1999,9,10,0,0,28.27163,33.33333333,53.72904813,29.70807098,990,22.2,0,10.936598,49.03948739,0,0.066666667,1
Wyoming,WY,2000,10,11,0,0,23.78938,33.33333333,55.53010471,34.67884502,990,21.9,0,10.011676,45.14110976,0,0.066666667,0
Wyoming,WY,2001,11,12,0,0,26.98442,33.33333333,54.61860315,34.67884502,990,24.2,0,9.193021,40.81017787,0,0.133333333,0
Wyoming,WY,2002,12,13,0,0,26.15576,33.33333333,56.0621077,34.67884502,990,19.6,0,9.146527,36.796,0,0.133333333,0
